arquivo,abordagem,tempo_segundos,tokens_prompt,tokens_completion,tokens_total,numero_chamadas
submissao-1771-arquivo-7429.txt,single_agent,4.08,4072,171,4243,1
15297-1550-12039-1-10-20210524.txt,single_agent,4.19,4453,249,4702,1
16179-1550-12890-1-10-20210713.txt,single_agent,2.66,5104,190,5294,1
AutoTest-Um_Framework_Reutilizavel_para_a_Automaca.txt,single_agent,5.9,11113,220,11333,1
Tecnicas_para_Construcao_de_Testes_Funci.txt,single_agent,3.44,7643,215,7858,1
5932-1045-13355-1-10-20210721.txt,single_agent,9.39,6705,181,6886,1
15441-1550-12186-1-10-20210531.txt,single_agent,3.27,4164,187,4351,1
146-Relatório do Projeto-982-1-10-20230821.txt,single_agent,5.53,5497,212,5709,1
225-Article Text-699-1-10-20170909.txt,single_agent,4.81,5589,181,5770,1
CA234CS19.txt,single_agent,3.58,5163,219,5382,1
31858-1310-26107-1-10-20241203.txt,single_agent,3.17,6704,222,6926,1
3229345.3229356.txt,single_agent,3.17,9890,219,10109,1
15225-1550-11966-1-10-20210521.txt,single_agent,3.79,5693,212,5905,1
artigo2.txt,single_agent,3.68,4506,193,4699,1
15231-1550-11972-1-10-20210521.txt,single_agent,3.32,5029,219,5248,1
THIAGO SANTOS DE MOURA - TCC CIÊNCIA DA COMPUTAÇÃO 2021.txt,single_agent,4.15,10284,219,10503,1
30122-853-24563-1-10-20240904.txt,single_agent,3.31,5818,199,6017,1
15438-1550-12183-1-10-20210531.txt,single_agent,4.16,5873,217,6090,1
WICSI_2016_Artigo_Augusto_12_04.txt,single_agent,3.28,4579,205,4784,1
Alisson Schmitz de Medeiros.txt,single_agent,2.55,4937,163,5100,1
36892-1418-29988-1-10-20250909.txt,single_agent,3.38,3992,226,4218,1
93-2024.2 -Michele Ramos Borowski.txt,single_agent,3.33,9142,191,9333,1
Automação de Testes_ Um Estudo de Caso.txt,single_agent,3.2,8203,238,8441,1
158-Article Text-453-1-10-20160906.txt,single_agent,3.18,5769,195,5964,1
27294-853-22364-1-10-20240125.txt,single_agent,3.9,8289,208,8497,1
36890-1418-29986-1-10-20250909.txt,single_agent,21.88,6503,254,6757,1
373-Artigo+.txt,single_agent,4.5,6358,217,6575,1
Joslaine2.txt,single_agent,2.79,3361,174,3535,1
Utilizacao_de_Padroes_para_Otimizar_a_Au.txt,single_agent,4.2,6362,250,6612,1
17292-1189-13883-1-10-20210924.txt,single_agent,3.89,11990,224,12214,1
submissao-1771-arquivo-7429.txt,reflection_agent,6.89,8327,397,8724,2
15297-1550-12039-1-10-20210524.txt,reflection_agent,6.1,9120,434,9554,2
16179-1550-12890-1-10-20210713.txt,reflection_agent,5.94,10385,384,10769,2
AutoTest-Um_Framework_Reutilizavel_para_a_Automaca.txt,reflection_agent,13.15,22434,434,22868,2
Tecnicas_para_Construcao_de_Testes_Funci.txt,reflection_agent,13.22,15500,453,15953,2
5932-1045-13355-1-10-20210721.txt,reflection_agent,4.77,13584,358,13942,2
15441-1550-12186-1-10-20210531.txt,reflection_agent,9.55,8537,435,8972,2
146-Relatório do Projeto-982-1-10-20230821.txt,reflection_agent,8.1,11213,454,11667,2
225-Article Text-699-1-10-20170909.txt,reflection_agent,6.97,11431,518,11949,2
CA234CS19.txt,reflection_agent,6.94,10540,437,10977,2
31858-1310-26107-1-10-20241203.txt,reflection_agent,11.76,13629,455,14084,2
3229345.3229356.txt,reflection_agent,10.35,19964,375,20339,2
15225-1550-11966-1-10-20210521.txt,reflection_agent,8.8,11642,516,12158,2
artigo2.txt,reflection_agent,6.76,9183,360,9543,2
15231-1550-11972-1-10-20210521.txt,reflection_agent,6.24,10283,451,10734,2
THIAGO SANTOS DE MOURA - TCC CIÊNCIA DA COMPUTAÇÃO 2021.txt,reflection_agent,16.79,20797,466,21263,2
30122-853-24563-1-10-20240904.txt,reflection_agent,5.64,11846,400,12246,2
15438-1550-12183-1-10-20210531.txt,reflection_agent,10.66,11963,451,12414,2
WICSI_2016_Artigo_Augusto_12_04.txt,reflection_agent,6.02,9370,427,9797,2
Alisson Schmitz de Medeiros.txt,reflection_agent,6.7,10060,373,10433,2
36892-1418-29988-1-10-20250909.txt,reflection_agent,8.04,8196,428,8624,2
93-2024.2 -Michele Ramos Borowski.txt,reflection_agent,6.96,18475,387,18862,2
Automação de Testes_ Um Estudo de Caso.txt,reflection_agent,8.58,16642,478,17120,2
158-Article Text-453-1-10-20160906.txt,reflection_agent,7.39,11763,454,12217,2
27294-853-22364-1-10-20240125.txt,reflection_agent,17.57,16809,466,17275,2
36890-1418-29986-1-10-20250909.txt,reflection_agent,6.9,13259,525,13784,2
373-Artigo+.txt,reflection_agent,7.71,12924,424,13348,2
Joslaine2.txt,reflection_agent,4.86,6888,347,7235,2
Utilizacao_de_Padroes_para_Otimizar_a_Au.txt,reflection_agent,6.87,12950,469,13419,2
17292-1189-13883-1-10-20210924.txt,reflection_agent,16.52,24238,520,24758,2
submissao-1771-arquivo-7429.txt,multi_agent,15.44,71136,4520,75656,16
15297-1550-12039-1-10-20210524.txt,multi_agent,18.71,79220,5360,84580,16
16179-1550-12890-1-10-20210713.txt,multi_agent,27.16,89200,5000,94200,16
AutoTest-Um_Framework_Reutilizavel_para_a_Automaca.txt,multi_agent,28.28,184768,5784,190552,16
Tecnicas_para_Construcao_de_Testes_Funci.txt,multi_agent,16.83,129624,4376,134000,16
5932-1045-13355-1-10-20210721.txt,multi_agent,17.5,112776,3884,116660,16
15441-1550-12186-1-10-20210531.txt,multi_agent,16.52,73940,4644,78584,16
146-Relatório do Projeto-982-1-10-20230821.txt,multi_agent,17.47,94956,5208,100164,16
225-Article Text-699-1-10-20170909.txt,multi_agent,21.57,98500,5852,104352,16
CA234CS19.txt,multi_agent,17.19,89020,4780,93800,16
31858-1310-26107-1-10-20241203.txt,multi_agent,26.56,114552,4672,119224,16
3229345.3229356.txt,multi_agent,20.65,165640,5096,170736,16
15225-1550-11966-1-10-20210521.txt,multi_agent,17.57,97516,5136,102652,16
artigo2.txt,multi_agent,17.19,79216,4972,84188,16
15231-1550-11972-1-10-20210521.txt,multi_agent,16.73,88776,5564,94340,16
THIAGO SANTOS DE MOURA - TCC CIÊNCIA DA COMPUTAÇÃO 2021.txt,multi_agent,26.99,172680,5588,178268,16
30122-853-24563-1-10-20240904.txt,multi_agent,18.29,100012,5112,105124,16
15438-1550-12183-1-10-20210531.txt,multi_agent,19.05,101196,4428,105624,16
WICSI_2016_Artigo_Augusto_12_04.txt,multi_agent,17.93,81324,5392,86716,16
Alisson Schmitz de Medeiros.txt,multi_agent,15.1,85184,4592,89776,16
36892-1418-29988-1-10-20250909.txt,multi_agent,19.99,71092,5864,76956,16
93-2024.2 -Michele Ramos Borowski.txt,multi_agent,17.03,154296,5288,159584,16
Automação de Testes_ Um Estudo de Caso.txt,multi_agent,22.67,138604,6252,144856,16
158-Article Text-453-1-10-20160906.txt,multi_agent,19.72,98712,5196,103908,16
27294-853-22364-1-10-20240125.txt,multi_agent,18.73,139512,5432,144944,16
36890-1418-29986-1-10-20250909.txt,multi_agent,22.38,110752,4852,115604,16
373-Artigo+.txt,multi_agent,3041.57,110156,5660,115816,16
Joslaine2.txt,multi_agent,15.37,59940,3944,63884,16
Utilizacao_de_Padroes_para_Otimizar_a_Au.txt,multi_agent,20.78,108368,4544,112912,16
17292-1189-13883-1-10-20210924.txt,multi_agent,27.58,198484,5884,204368,16
