arquivo,abordagem,rouge1,rouge2,rougeL,bertscore_precisao,bertscore_recall,bertscore_f1,cobertura_score,fidelidade_nota,fidelidade_qtd_nao_suportadas,cobertura_problema,cobertura_problema_evidencia,cobertura_objetivo,cobertura_objetivo_evidencia,cobertura_metodo,cobertura_metodo_evidencia,cobertura_resultados,cobertura_resultados_evidencia,cobertura_contribuicao,cobertura_contribuicao_evidencia,tempo_segundos,tokens_prompt,tokens_completion,tokens_total,numero_chamadas
146-Relatório do Projeto-982-1-10-20230821.txt,multi_agent,0.228,0.098,0.1466,0.6716,0.7434,0.7057,5,2,3,1,"O problema central identificado é a dificuldade de implementar testes automatizados em sistemas legados, que frequentemente apresentam uma arquitetura complexa e falta de documentação adequada, resultando em altos custos de manutenção e evolução.",1,"A pesquisa busca preencher a lacuna científica existente, que é a ausência de diretrizes claras e práticas eficazes para a automação de testes em tais sistemas, especialmente quando a refatoração do código é necessária sem comprometer a funcionalidade existente.",1,"A metodologia utilizada é caracterizada como um estudo de caso, onde foram realizadas revisões da literatura para identificar boas práticas e fatores de sucesso na automação de testes.",1,"Os resultados indicam que a implementação de testes automatizados resultou em uma cobertura de apenas 15% das linhas de código nas primeiras execuções, mas permitiu a refatoração de 25 mil linhas de código, demonstrando um avanço significativo na eficiência do sistema.",1,"As contribuições do estudo incluem diretrizes práticas para a automação de testes em sistemas legados, abordando desafios como a falta de documentação e a complexidade da arquitetura.",15.03,98936,5232,104168,16
146-Relatório do Projeto-982-1-10-20230821.txt,reflection_agent,0.4444,0.2173,0.2603,0.724,0.7834,0.7525,5,3,3,1,"A utilização de sistemas legados nas empresas, embora essencial, apresenta desafios significativos, especialmente em relação à manutenção e evolução, devido à sua arquitetura e tecnologias obsoletas.",1,"Este artigo tem como objetivo identificar os fatores que influenciam a implementação de testes automatizados em um sistema legado de gestão de planos de saúde, visando à melhoria da qualidade do software.",1,"Para isso, foi conduzido um estudo de caso em uma empresa de desenvolvimento de software localizada em São Paulo, onde foram aplicadas metodologias de testes automatizados.",1,"Os resultados demonstraram que a automação de testes não apenas aumentou a cobertura de testes, mas também resultou em uma redução significativa de linhas de código e na diminuição das manutenções, melhorando a eficiência do processo de desenvolvimento.",1,"A contribuição deste estudo reside na evidência de que a implementação de testes automatizados em sistemas legados pode levar a um aumento na qualidade do software e na satisfação da equipe de desenvolvimento, além de permitir um maior foco em inovações.",5.39,11753,460,12213,2
146-Relatório do Projeto-982-1-10-20230821.txt,single_agent,0.4217,0.1672,0.2748,0.72,0.7767,0.7473,5,3,2,1,desafios enfrentados na aplicação de testes automatizados em sistemas legados,1,O objetivo é identificar fatores que influenciam o sucesso da automação de testes,1,Foi realizado um estudo de caso em uma empresa de desenvolvimento de software em São Paulo,1,Os resultados mostraram uma redução significativa no número de linhas de código e uma diminuição nas manutenções necessárias,1,A contribuição deste estudo reside na demonstração de que a automação de testes... pode resultar em produtos mais estáveis,3.85,5763,225,5988,1
15225-1550-11966-1-10-20210521.txt,multi_agent,0.2396,0.1093,0.1561,0.6979,0.779,0.7362,5,3,4,1,"O problema de pesquisa identificado refere-se à dificuldade em realizar testes automatizados em BPMS, uma vez que a literatura da área de BPM e de testes de software pouco aborda essa questão.",1,O foco do estudo é a execução de testes automatizados em um processo específico de apreciação de Atividades Complementares de Graduação (ACGs) em uma instituição de ensino superior.,1,"A metodologia utilizada consiste em um relato de experiência que explora soluções para a automação de testes em uma aplicação implementada em BPMS, comparando dois sistemas distintos: Bonita e Activiti.",1,Os resultados indicam que os testes de carga realizados com JMeter foram eficazes para identificar problemas de desempenho na aplicação desenvolvida com Bonita.,1,"As contribuições do estudo incluem a demonstração de que, sob certas condições, é possível aplicar ferramentas de teste para sistemas Web em BPMS.",15.23,95796,5040,100836,16
15225-1550-11966-1-10-20210521.txt,reflection_agent,0.4143,0.1727,0.2357,0.7351,0.7597,0.7472,5,2,3,1,a automação de testes em aplicações de BPMS ainda representa um desafio pouco explorado.,1,Este trabalho tem como objetivo investigar soluções para a automação de testes em um processo implementado em BPMS.,1,A metodologia adotada envolveu a implementação do processo em dois BPMS distintos (Bonita e Activiti) e a aplicação de testes de carga e funcionais com ferramentas de código aberto.,1,"Os resultados indicaram que, enquanto os testes de carga foram viáveis apenas no Bonita, os testes funcionais demonstraram maior eficácia e menor dependência do BPMS.",1,"A principal contribuição deste estudo reside na identificação de que, sob determinadas condições, é possível realizar testes automatizados em aplicações de BPMS utilizando ferramentas de teste voltadas para sistemas web.",8.19,11331,443,11774,2
15225-1550-11966-1-10-20210521.txt,single_agent,0.4056,0.169,0.2098,0.7185,0.7565,0.737,5,2,2,1,"a automação de testes em sistemas de gerenciamento de processos (BPMS) apresentam desafios significativos, especialmente em relação à verificação e validação de aplicações.",1,"Este trabalho tem como objetivo explorar soluções para a automação de testes em uma aplicação real de BPMS, onde testes manuais se mostraram insuficientes.",1,"Utilizando ferramentas open source, foram realizados testes de carga e funcionais em duas implementações distintas do mesmo processo, uma com Bonita BPM e outra com Activiti.",1,"Os resultados indicaram que, enquanto os testes de carga foram bem-sucedidos com Bonita, a execução com Activiti não foi viável devido à incapacidade de reproduzir requisições necessárias.",1,"A contribuição deste estudo reside na evidência de que, sob certas condições, é possível aplicar ferramentas de teste de aplicações web em BPMS.",2.87,5556,239,5795,1
15231-1550-11972-1-10-20210521.txt,multi_agent,0.2917,0.1521,0.1667,0.6773,0.7383,0.7065,5,2,3,1,o problema central abordado é a dificuldade e ineficiência na execução de testes manuais,1,investiga a eficácia da automação de testes de aceitação em comparação com testes manuais,1,A metodologia do estudo consiste em uma comparação entre as abordagens de testes manuais e automatizados,1,"os resultados demonstraram que, embora a automação exija um investimento inicial maior em tempo para a implementação dos scripts, ela proporciona ganhos significativos em eficiência e qualidade a longo prazo",1,"As contribuições do estudo são relevantes para a prática de desenvolvimento ágil, pois demonstram como a automação de testes pode melhorar a qualidade do software e a satisfação do cliente",12.59,82124,4792,86916,16
15231-1550-11972-1-10-20210521.txt,reflection_agent,0.4071,0.1899,0.2124,0.7076,0.7557,0.7309,5,2,3,1,o problema abordado é a crescente complexidade dos sistemas e a necessidade de eficiência nos testes de software,1,o objetivo do estudo é avaliar a eficácia da automação de testes em comparação com os testes manuais,1,a metodologia envolveu a aplicação de ambos os tipos de testes em uma aplicação web,1,"os resultados indicaram que, embora os testes manuais apresentem maior agilidade em cenários simples, a automação se torna mais vantajosa em situações que envolvem múltiplos ambientes e repetições",1,"a contribuição deste trabalho reside na identificação dos benefícios da automação, como a diminuição de falhas em produção e a melhoria na colaboração entre as equipes",6.23,9669,514,10183,2
15231-1550-11972-1-10-20210521.txt,single_agent,0.422,0.2267,0.2197,0.7119,0.7564,0.7335,5,2,4,1,"O problema abordado é a complexidade e o tempo elevado envolvidos na execução de testes manuais, que se tornam onerosos em ambientes de desenvolvimento ágeis.",1,"O objetivo do estudo é avaliar a eficiência da automação de testes em comparação com os testes manuais, considerando diferentes ambientes e repetições de testes.",1,"O método utilizado envolveu a especificação e implementação de casos de teste em ambas as abordagens, seguido da análise do tempo gasto em cada uma.",1,"Os resultados indicaram que, embora a automação exija um investimento inicial maior em tempo para a implementação dos scripts, ela proporciona uma redução significativa no tempo de execução.",1,"A contribuição deste trabalho reside na demonstração de que a automação de testes, quando aplicada corretamente, pode aumentar a eficiência e a qualidade do software.",3.07,4711,268,4979,1
15297-1550-12039-1-10-20210524.txt,multi_agent,0.2356,0.0951,0.1293,0.6943,0.7657,0.7282,5,2,3,1,aborda a problemática da alta complexidade e custo associados à execução de testes manuais em projetos de desenvolvimento de software,1,promovendo uma colaboração mais eficaz e a utilização de técnicas como o Behavior-Driven Development (BDD) para facilitar a comunicação e a especificação de testes em linguagem natural,1,"A metodologia utilizada no estudo é baseada na técnica de BDD, que visa envolver todos os membros da equipe no processo de desenvolvimento e teste de software",1,"Os resultados demonstraram uma redução significativa no esforço de testes, com uma diminuição de até 87% no tempo necessário para a execução de cenários de testes",1,"As contribuições empíricas do estudo apoiam a adoção de estratégias de automação de testes na indústria de software, visando a redução de custos e a melhoria da qualidade do produto final",17.88,76960,5520,82480,16
15297-1550-12039-1-10-20210524.txt,reflection_agent,0.3658,0.1246,0.1947,0.7144,0.7827,0.747,5,1,5,1,"A qualidade de software representa um desafio contínuo, especialmente em ambientes de desenvolvimento ágil, onde a pressão por entregas rápidas pode comprometer a eficácia dos testes.",1,"Este artigo tem como objetivo apresentar uma abordagem para a especificação e automação colaborativas de testes, utilizando a técnica de Desenvolvimento Orientado a Comportamento (Behavior-Driven Development - BDD).",1,"O método adotado combina o framework Cucumber-JVM, a ferramenta de automação Selenium WebDriver e o framework de testes JUnit.",1,Os resultados de um estudo de caso demonstraram uma redução de até 87% no esforço necessário para a execução de testes.,1,A contribuição deste trabalho reside na promoção de uma cultura de qualidade compartilhada e na facilitação da manutenção de testes automatizados.,6.48,8977,487,9464,2
15297-1550-12039-1-10-20210524.txt,single_agent,0.3746,0.1214,0.2032,0.7231,0.7835,0.7521,5,3,2,1,"A qualidade de software é um desafio constante, especialmente em ambientes de desenvolvimento ágil, onde a pressão por entregas rápidas pode comprometer a eficácia dos testes.",1,Este artigo tem como objetivo apresentar uma abordagem para a especificação e automação colaborativas de testes utilizando a técnica Behavior-Driven Development (BDD).,1,"O método adotado combina o framework Cucumber-JVM, a ferramenta de automação Selenium WebDriver e o framework de testes JUnit.",1,Os resultados de um estudo de caso demonstraram uma redução de até 87% no esforço necessário para a execução de testes.,1,A contribuição deste trabalho reside na promoção de uma cultura de qualidade compartilhada e na facilitação da manutenção de testes automatizados.,3.47,4374,229,4603,1
15438-1550-12183-1-10-20210531.txt,multi_agent,0.2805,0.1062,0.1839,0.7178,0.7804,0.7478,5,2,4,1,"que enfrentou limitações de recursos e tempo, tornando inviável a execução de testes manuais tradicionais.",1,O artigo apresenta uma experiência prática de automação de testes funcionais em um ambiente de desenvolvimento ágil utilizando a metodologia Scrum.,1,"A metodologia adotada envolveu a automação dos testes com ferramentas open source, como Selenium e TestLink.",1,"os resultados obtidos mostraram que, mesmo com recursos limitados, é possível garantir um nível mínimo de qualidade no software.",1,o artigo contribui para a literatura ao apresentar um caso real de automação de testes em ambientes ágeis.,17.36,99248,4520,103768,16
15438-1550-12183-1-10-20210531.txt,reflection_agent,0.3857,0.0935,0.2286,0.697,0.7437,0.7196,5,2,4,1,"O problema abordado refere-se à dificuldade de assegurar a qualidade do software em projetos com recursos limitados, onde a predominância de testes manuais pode comprometer a eficiência do desenvolvimento.",1,"O objetivo deste trabalho é demonstrar a viabilidade da implementação de um processo de testes automatizados eficaz, mesmo sob condições restritivas.",1,"Para tal, foi adotada a abordagem de automação de testes funcionais utilizando a ferramenta Selenium, integrada ao ciclo de desenvolvimento ágil.",1,"Os resultados obtidos indicam que a automação possibilitou a cobertura de 100% dos requisitos funcionais, identificando 65% dos defeitos durante os testes de interface, além de facilitar a execução de testes de regressão.",1,"A contribuição deste estudo reside na validação da automação de testes como uma prática viável e benéfica em ambientes ágeis, promovendo a melhoria da qualidade do software sem a necessidade de investimentos em ferramentas proprietárias.",8.09,11690,431,12121,2
15438-1550-12183-1-10-20210531.txt,single_agent,0.4161,0.0956,0.219,0.7004,0.7423,0.7207,5,2,2,1,"a garantia da qualidade do produto ainda é um desafio, frequentemente abordado por meio de testes manuais.",1,compartilhar uma experiência prática na automação de testes funcionais em um ambiente ágil,1,"A metodologia adotada envolveu a automação de testes utilizando a abordagem rec-and-play com o Selenium, além de ferramentas como TestLink e Mantis",1,"os resultados mostraram que a automação permitiu a cobertura de 100% dos requisitos funcionais, identificação de 65% dos defeitos durante os testes de interface",1,"A experiência contribuiu para a melhoria do processo de teste na equipe, evidenciando a viabilidade da automação em projetos ágeis",5.02,5741,214,5955,1
15441-1550-12186-1-10-20210531.txt,multi_agent,0.0314,0.0039,0.0314,0.6326,0.6991,0.6642,5,1,5,1,"Diante da crescente demanda por entregas rápidas e de qualidade, as empresas enfrentam desafios significativos na geração de novas versões de software que atendam a requisitos específicos de operadoras e regiões.",1,"O artigo apresenta uma experiência na aplicação de ferramentas de automação, FlexCA e Auto Sanity, para otimizar o processo de manutenção adaptativa de software embarcado em telefones celulares.",1,A metodologia do estudo foi implementada em parceria entre uma fabricante de celulares e o Departamento de Ciência da Computação da Universidade Federal do Ceará.,1,Os resultados demonstraram ganhos significativos em eficiência e qualidade.,1,As contribuições empíricas deste trabalho incluem a validação da eficácia das ferramentas de automação na melhoria da qualidade do software e na redução de falhas.,13.84,71500,4496,75996,16
15441-1550-12186-1-10-20210531.txt,reflection_agent,0.0448,0.0075,0.0448,0.6744,0.7222,0.6975,5,2,3,1,a necessidade de aprimoramento da qualidade e produtividade no processo de desenvolvimento em um mercado altamente competitivo.,1,"O objetivo principal é apresentar e avaliar duas ferramentas de automação, denominadas FlexCA e Auto Sanity.",1,A metodologia adotada consiste na aplicação dessas ferramentas em um projeto colaborativo entre uma empresa fabricante de celulares e a Universidade Federal do Ceará.,1,"Os resultados obtidos demonstram uma redução significativa no tempo de execução do processo de manutenção adaptativa, com ganhos de até 75%.",1,As contribuições deste trabalho incluem a melhoria da qualidade dos sistemas desenvolvidos e a proposição de futuras melhorias nas ferramentas.,4.61,8332,364,8696,2
15441-1550-12186-1-10-20210531.txt,single_agent,0.0453,0.0076,0.0377,0.6728,0.7174,0.6944,5,2,2,1,A manutenção adaptativa de software embarcado para telefones celulares enfrenta desafios significativos devido à diversidade de modelos e requisitos específicos de operadoras.,1,"Este artigo tem como objetivo relatar a experiência na aplicação de duas ferramentas de automação, FlexCA e Auto Sanity, que visam otimizar esse processo.",1,"A metodologia envolveu a implementação dessas ferramentas em um projeto colaborativo entre uma empresa de celulares e a Universidade Federal do Ceará, focando na automação da manutenção adaptativa e na realização de testes funcionais.",1,"Os resultados demonstraram uma redução significativa no tempo de execução do processo de Country Adaptation (CA) e na quantidade de erros reportados, com ganhos de até 75% na eficiência e eliminação de falhas humanas.",1,"As contribuições deste trabalho incluem a apresentação de soluções práticas para a melhoria da qualidade no desenvolvimento de software embarcado, além de sugestões para futuras melhorias nas ferramentas.",2.46,4079,183,4262,1
158-Article Text-453-1-10-20160906.txt,multi_agent,0.2288,0.1069,0.1567,0.6949,0.7501,0.7215,5,2,5,1,"a crescente necessidade de garantir a qualidade de softwares para dispositivos móveis, especialmente em um mercado altamente competitivo e fragmentado, como o Android.",1,"o estudo investiga a viabilidade e a eficiência da execução de testes automatizados em paralelo em um ambiente de computação em nuvem, em comparação com testes manuais.",1,"A metodologia utilizada é caracterizada como uma pesquisa aplicada, com dados qualitativos, e está dividida em várias etapas.",1,"os testes automatizados, quando executados em paralelo em um ambiente de computação em nuvem, demonstram uma eficiência significativa, reduzindo o tempo total de execução em quase 46%.",1,"as contribuições do estudo incluem a validação da viabilidade da automação de testes em nuvem, oferecendo uma solução escalável para a complexidade dos testes em múltiplos dispositivos e versões do Android.",20.03,92268,5472,97740,16
158-Article Text-453-1-10-20160906.txt,reflection_agent,0.3891,0.1713,0.2188,0.7173,0.7493,0.733,5,3,2,1,o problema central abordado é a complexidade e os custos elevados associados aos testes manuais,1,O objetivo do estudo é avaliar a viabilidade da execução de testes automatizados em paralelo e sua eficiência em comparação aos testes manuais,1,"A metodologia adotada inclui a definição de cenários de teste para uma aplicação na área de finanças, utilizando emuladores Android e ferramentas de automação open source",1,"os resultados obtidos indicam que, embora os testes manuais apresentem um desempenho superior em termos de tempo de execução, os testes automatizados demonstram maior eficiência ao possibilitar a execução em paralelo",1,"A contribuição deste trabalho reside na evidência de que a automação, apesar de um tempo de execução inicial maior, oferece uma solução escalável e viável para garantir a qualidade em um mercado competitivo de aplicativos móveis",7.58,10858,477,11335,2
158-Article Text-453-1-10-20160906.txt,single_agent,0.4116,0.16,0.2383,0.733,0.7581,0.7454,5,3,3,1,"O aumento exponencial no uso de aplicativos móveis e a fragmentação da plataforma Android impõem desafios significativos à garantia da qualidade de software, especialmente em termos de tempo e custo de testes.",1,"Este artigo tem como objetivo comparar a eficiência de testes manuais e automatizados em um ambiente de nuvem, utilizando emuladores para múltiplos dispositivos.",1,"A metodologia adotada incluiu a definição de cenários de teste, configuração do ambiente em nuvem e execução de testes manuais e automatizados.",1,"Os resultados mostraram que, embora os testes manuais apresentassem um desempenho superior em termos de tempo de execução, os testes automatizados permitiram a execução em paralelo, reduzindo significativamente o tempo total de testes.",1,"A pesquisa contribui para a compreensão da eficácia dos testes automatizados em ambientes de nuvem, destacando sua escalabilidade e potencial para otimizar processos de teste em um mercado competitivo.",6.25,5317,207,5524,1
16179-1550-12890-1-10-20210713.txt,multi_agent,0.2483,0.093,0.1523,0.6708,0.7246,0.6966,5,2,4,1,a complexidade e a ineficácia da automação de testes funcionais em projetos de desenvolvimento de software,1,O artigo ... aborda a complexidade e a ineficácia da automação de testes funcionais,1,"A metodologia utilizada no estudo é descritiva e analítica, focando na experiência do Instituto Atlântico.",1,"os testes automatizados demandam menos esforço ao longo do tempo, com uma redução de até 50% no esforço necessário em comparação aos testes manuais",1,As contribuições do estudo incluem a definição de diretrizes para a escolha entre abordagens de teste,20.13,87164,5588,92752,16
16179-1550-12890-1-10-20210713.txt,reflection_agent,0.3988,0.1442,0.2118,0.7136,0.7523,0.7324,5,3,2,1,desafios relacionados à complexidade e ao elevado custo dos testes manuais.,1,O objetivo principal é analisar a aplicabilidade da automação em projetos de software.,1,A pesquisa foi conduzida por meio de simulações que compararam o esforço despendido em testes manuais e automatizados.,1,revelando que a automação proporciona ganhos significativos em termos de tempo e recursos.,1,A contribuição deste trabalho reside na definição de diretrizes para a escolha da estratégia de teste mais adequada.,5.47,10121,453,10574,2
16179-1550-12890-1-10-20210713.txt,single_agent,0.4444,0.1748,0.2361,0.7239,0.7569,0.74,5,2,3,1,"O mercado de software enfrenta desafios significativos em relação à qualidade, impulsionados pela crescente exigência dos clientes e pela competitividade.",1,"Este artigo tem como objetivo analisar a aplicabilidade da automação de testes funcionais no Instituto Atlântico, buscando identificar os benefícios e a eficiência dessa abordagem em projetos de desenvolvimento de software.",1,"Para isso, foi adotada uma metodologia que inclui a implementação de testes automatizados em um projeto piloto, seguido de uma análise comparativa entre testes manuais e automatizados em diferentes níveis de complexidade de casos de uso.",1,"Os resultados demonstraram que a automação pode reduzir significativamente o esforço necessário para a execução de testes, especialmente em projetos com ciclos de vida iterativos e incrementais.",1,"A contribuição deste trabalho reside na apresentação de uma abordagem estruturada para a automação de testes, evidenciando sua eficácia e sugerindo diretrizes para sua implementação em organizações que buscam aprimorar a qualidade de seus produtos de software.",2.45,4953,192,5145,1
16195-1550-12906-1-10-20210713.txt,multi_agent,0.2604,0.1246,0.1598,0.6876,0.7464,0.7158,5,2,2,1,"a complexidade e a falta de sistematicidade na automação de testes de software, que frequentemente resulta em insucessos e na subutilização das ferramentas disponíveis.",1,"O artigo propõe o framework AutoTest como uma solução para essa lacuna, visando melhorar a produtividade e a qualidade dos testes automatizados.",1,"A metodologia utilizada no artigo é baseada na definição e implementação do framework AutoTest, que integra técnicas de automação data-driven e keyword-driven.",1,a aplicação do framework AutoTest resultou em ganhos substanciais em produtividade e qualidade.,1,As contribuições do artigo incluem a proposta de um modelo de automação que pode ser aplicado em diferentes contextos de desenvolvimento.,16.22,182360,5644,188004,16
16195-1550-12906-1-10-20210713.txt,reflection_agent,0.4698,0.223,0.2685,0.732,0.7764,0.7535,5,2,4,1,"sua automação ainda é subutilizada na indústria, resultando em frequentes insucessos.",1,O objetivo do AutoTest é facilitar a execução de testes com mínima necessidade de codificação.,1,"O método abrange a criação de scripts, templates e diretrizes de uso.",1,Os resultados obtidos demonstraram um aumento significativo na cobertura de testes e na eficiência.,1,A contribuição do AutoTest reside em sua capacidade de oferecer uma abordagem sistemática e reutilizável para a automação de testes.,5.22,22124,408,22532,2
16195-1550-12906-1-10-20210713.txt,single_agent,0.4302,0.1871,0.2442,0.7239,0.7684,0.7455,5,2,2,1,"mas sua automação ainda enfrenta desafios significativos na indústria, como a falta de sistematização e a complexidade dos sistemas.",1,"O objetivo do AutoTest é facilitar a automação da execução de casos de teste, minimizando a necessidade de codificação e permitindo a reutilização em diferentes projetos.",1,"A metodologia inclui a criação de planilhas para dados e procedimentos de teste, que são interpretadas pelo framework durante a execução.",1,onde o AutoTest demonstrou uma redução significativa no tempo de execução dos testes e um aumento na detecção de erros em comparação com abordagens manuais.,1,"os resultados indicam que o AutoTest não apenas melhora a eficiência e a qualidade do processo de teste, mas também contribui para a padronização e a reutilização de esforços em automação de testes.",4.64,10964,251,11215,1
17292-1189-13883-1-10-20210924.txt,multi_agent,0.3722,0.1735,0.2123,0.7247,0.7111,0.7178,5,3,4,1,"a baixa qualidade dos códigos de teste gerados automaticamente, que pode ser influenciada pela presença de test smells",1,busca entender como as ferramentas de geração automatizada de testes afetam a qualidade dos testes de unidade,1,A metodologia do estudo é composta por dois estudos empíricos.,1,"Os resultados indicam que a presença de test smells afeta negativamente a legibilidade, compreensibilidade e manutenibilidade dos códigos de teste",1,As contribuições do trabalho incluem a identificação de correlações entre test smells e métricas de cobertura,15.52,194760,5228,199988,16
17292-1189-13883-1-10-20210924.txt,reflection_agent,0.4,0.1505,0.2062,0.7029,0.6757,0.689,5,4,1,1,"A qualidade do software é frequentemente comprometida por códigos mal elaborados, resultando em custos significativos para a indústria.",1,"O objetivo é avaliar a qualidade dos códigos de teste gerados automaticamente por ferramentas como Randoop e EvoSuite, em comparação com códigos de teste preexistentes, considerando a presença de test smells.",1,"Para isso, foram realizados dois estudos empíricos: o primeiro analisou a correlação entre test smells e métricas de cobertura de código, enquanto o segundo avaliou a qualidade dos códigos de teste gerados automaticamente.",1,Os resultados indicaram que os testes gerados por Randoop apresentaram uma quantidade significativamente maior de test smells em comparação aos gerados por EvoSuite e aos testes existentes.,1,"A pesquisa contribui para a área de Engenharia de Software ao destacar a importância da qualidade dos testes e a necessidade de ferramentas que auxiliem na detecção de test smells, como a JNose Test, desenvolvida durante o estudo.",10.34,23778,710,24488,2
17292-1189-13883-1-10-20210924.txt,single_agent,0.4833,0.1683,0.2153,0.7376,0.7073,0.7221,5,3,2,1,"A qualidade do software é frequentemente comprometida por códigos mal elaborados, resultando em custos significativos para a indústria.",1,"Este estudo tem como objetivo avaliar a qualidade dos códigos de teste gerados automaticamente, considerando a presença de 'test smells'.",1,Foram realizados dois estudos empíricos: o primeiro analisou a correlação entre test smells e métricas de cobertura de código em 21 projetos open source.,1,os resultados mostraram que os testes gerados automaticamente apresentaram uma quantidade significativamente maior de test smells em comparação aos testes existentes.,1,Este trabalho contribui para a área de Engenharia de Software ao evidenciar a necessidade de atenção à qualidade dos testes gerados automaticamente.,3.5,11773,219,11992,1
225-Article Text-699-1-10-20170909.txt,multi_agent,0.3214,0.1214,0.1853,0.6844,0.7324,0.7075,5,3,4,1,"a pesquisa identificou a necessidade de automatizar os testes, que atualmente são realizados de forma manual, resultando em ineficiências e potenciais falhas na qualidade do software.",1,"O presente artigo aborda a automatização de testes funcionais em Software as a Service (SaaS), com foco na plataforma de soluções fiscais, visando mitigar a complexidade e a suscetibilidade a defeitos dos sistemas computacionais.",1,"A metodologia do estudo incluiu métodos de abordagem dedutivo, quali-quantitativo e realismo crítico, além de procedimentos como estudo de caso e pesquisa exploratória.",1,Os resultados demonstraram que a automatização dos testes funcionais com JMeter resultou em uma significativa redução do tempo de execução.,1,"Além disso, o estudo preenche uma lacuna na literatura ao explorar a aplicação do JMeter em um contexto de testes funcionais.",18.39,89852,5012,94864,16
225-Article Text-699-1-10-20170909.txt,reflection_agent,0.5607,0.2445,0.3302,0.7373,0.7797,0.7579,5,3,2,1,a crescente complexidade dos sistemas de Software as a Service (SaaS) e a necessidade de assegurar a qualidade e a confiabilidade dos serviços oferecidos.,1,O objetivo deste estudo foi investigar a automatização de testes funcionais na integração de documentos via web service em uma plataforma de soluções fiscais.,1,"A metodologia adotada incluiu um estudo de caso e pesquisa exploratória, com a aplicação de técnicas como pesquisa bibliográfica e entrevistas.",1,"os resultados obtidos demonstraram uma redução significativa no tempo de execução dos testes, com uma diminuição de até 90% em comparação aos testes manuais.",1,"A contribuição deste trabalho reside na validação da eficácia da automatização de testes funcionais, oferecendo uma abordagem que pode ser replicada em outros módulos fiscais e sistemas.",5.71,10549,433,10982,2
225-Article Text-699-1-10-20170909.txt,single_agent,0.5804,0.2857,0.3785,0.7538,0.7946,0.7737,5,3,2,1,a crescente complexidade dos sistemas de Software as a Service (SaaS) e a necessidade de garantir a qualidade e confiabilidade dos serviços oferecidos.,1,"O objetivo do estudo foi investigar a automatização de testes funcionais no envio de documentos via integração web service em uma plataforma de soluções fiscais, visando reduzir o retrabalho e o tempo de execução dos testes, além de melhorar a qualidade do produto.",1,"A metodologia incluiu um estudo de caso e pesquisa exploratória, com a aplicação de técnicas como pesquisa bibliográfica e entrevistas.",1,"Os resultados mostraram uma significativa redução no tempo de execução dos testes, com uma diminuição de até 90% em comparação aos testes manuais.",1,"A contribuição deste trabalho reside na demonstração da eficácia da automatização de testes funcionais, proporcionando uma abordagem que pode ser replicada em outros módulos fiscais e sistemas, promovendo a eficiência e a qualidade no desenvolvimento de software.",2.54,5169,211,5380,1
31858-1310-26107-1-10-20241203.txt,multi_agent,0.2976,0.0756,0.1507,0.6665,0.6995,0.6826,5,1,4,1,"superar as limitações da infraestrutura existente, que dependia de servidores Windows e de DLLs específicas, resultando em uma cobertura de testes limitada e riscos potenciais de falhas no ambiente de produção.",1,"a migração para uma nova arquitetura, visando aumentar a eficiência, flexibilidade e segurança na execução dos testes.",1,A metodologia adotada incluiu a realização de uma Prova de Conceito (PoC) para validar a viabilidade técnica da migração.,1,"Os resultados demonstraram melhorias significativas: houve uma redução média de 40% no tempo total de execução dos testes, um aumento de 25% na cobertura de testes e uma taxa de sucesso das execuções de 98%.",1,Este estudo contribui para preencher uma lacuna na literatura ao abordar os desafios específicos da automação de testes em ambientes bancários altamente seguros.,15.91,141192,5104,146296,16
31858-1310-26107-1-10-20241203.txt,reflection_agent,0.4384,0.131,0.2466,0.7137,0.7253,0.7194,5,1,3,1,a confiabilidade das aplicações é essencial para a operação segura e contínua.,1,"visando superar as limitações da infraestrutura anterior, que dependia de servidores Windows.",1,"migração para servidores Linux, utilizando Selenium Grid e Appium, e detalha as etapas de implementação.",1,"Os resultados obtidos indicam uma redução de 40% no tempo de execução dos testes, um aumento de 25% na cobertura de testes e uma taxa de sucesso de 98%.",1,A contribuição deste trabalho reside na apresentação de uma solução escalável e eficiente para a automação de testes em um ambiente bancário.,10.85,16843,368,17211,2
31858-1310-26107-1-10-20241203.txt,single_agent,0.4507,0.1135,0.2465,0.7135,0.7305,0.7219,5,1,3,1,"a qualidade do software é crucial em instituições financeiras, onde a confiabilidade das aplicações é essencial.",1,"com o objetivo de superar as limitações da infraestrutura anterior, que dependia de servidores Windows.",1,"Utilizando Selenium Grid e Appium em servidores Linux, a pesquisa descreve as etapas da implementação.",1,Os resultados demonstraram uma redução média de 40% no tempo de execução dos testes e um aumento de 25% na cobertura de testes.,1,A contribuição deste trabalho reside na apresentação de uma solução escalável e segura para automação de testes em um ambiente bancário.,2.56,8332,189,8521,1
3229345.3229356.txt,multi_agent,0.0275,0.0,0.0275,0.6425,0.6968,0.6686,5,2,5,1,"destacando os altos custos associados, que podem representar de 40% a 60% do valor total de um projeto.",1,Este artigo busca preencher essa lacuna ao relatar uma experiência prática de automação de testes.,1,"A metodologia utilizada é baseada em um relato de experiência prática, focando na automação de testes de software em um ambiente de Fábrica de Testes.",1,os resultados indicam que a automação de testes pode reduzir significativamente o tempo de execução.,1,As contribuições do estudo incluem a identificação de desafios como a necessidade de maior esforço dos desenvolvedores.,18.01,192848,5840,198688,16
3229345.3229356.txt,reflection_agent,0.0429,0.0,0.0429,0.6839,0.7197,0.7013,5,1,4,1,"enfrente desafios significativos, como altos custos e a complexidade na manutenção de scripts.",1,relatar a experiência adquirida na automação de testes em uma Fábrica de Testes,1,"A metodologia adotada incluiu a seleção de ferramentas como Selenium e JUnit, além da definição de um processo estruturado para a automação.",1,"Os resultados indicaram uma redução significativa no tempo de execução dos testes, com uma taxa de sucesso de 72,35% nos testes automatizados do Software A.",1,A contribuição deste trabalho reside na apresentação de um modelo de automação que pode servir como referência para profissionais da indústria e da academia.,5.12,23394,363,23757,2
3229345.3229356.txt,single_agent,0.0513,0.0,0.044,0.6779,0.7218,0.6991,5,3,2,1,"mas enfrenta desafios significativos, como altos custos e a complexidade na manutenção de scripts.",1,Este artigo tem como objetivo relatar a experiência de automação de testes em uma Fábrica de Testes.,1,"O método utilizado incluiu a implementação de testes automatizados em dois softwares, utilizando ferramentas como Selenium e JUnit.",1,Os resultados mostraram uma redução significativa no tempo de execução dos testes automatizados em comparação aos testes manuais.,1,A contribuição deste trabalho reside na apresentação de um processo estruturado para a automação de testes.,3.57,11608,183,11791,1
36890-1418-29986-1-10-20250909.txt,multi_agent,0.4618,0.1436,0.2049,0.7132,0.7255,0.7193,5,2,4,1,a lacuna existente na avaliação da resiliência do sistema Celery,1,A pesquisa visa entender como o Celery se comporta sob condições adversas,1,A metodologia do estudo consiste em uma abordagem experimental que simula diferentes condições de carga e falhas em um ambiente controlado,1,"os resultados do estudo mostram que, embora o Celery mantenha uma taxa de sucesso de 100% nas tarefas, a injeção de falhas impactou significativamente o desempenho do sistema",1,As contribuições empíricas incluem a identificação de práticas eficazes para a engenharia de caos e resiliência em sistemas distribuídos,19.29,118672,5172,123844,16
36890-1418-29986-1-10-20250909.txt,reflection_agent,0.4952,0.1353,0.2163,0.7525,0.7467,0.7496,5,3,2,1,"o problema central abordado é a necessidade de avaliar como sistemas de grande escala, como o Celery, reagem a falhas intencionais",1,"O objetivo do estudo é identificar vulnerabilidades e gargalos no sistema, além de aprimorar a robustez e a confiabilidade do Celery em ambientes de produção",1,"uma metodologia que inclui a simulação de diferentes tipos de falhas, como exaustão de CPU, exaustão de memória e latências de rede, em um ambiente controlado utilizando Docker",1,"os resultados demonstraram que, apesar de algumas falhas causarem aumentos significativos no tempo de execução e na latência, o sistema manteve uma taxa de sucesso de 100% nas tarefas processadas",1,"a contribuição deste trabalho reside na validação da eficácia do Celery em lidar com falhas, além de fornecer diretrizes para a configuração adequada do sistema",6.34,14157,486,14643,2
36890-1418-29986-1-10-20250909.txt,single_agent,0.4922,0.1302,0.2073,0.744,0.7295,0.7367,5,2,2,1,investiga a resiliência do sistema de filas de tarefas Celery ao ser submetido a falhas controladas,1,O objetivo é avaliar como essas falhas impactam o desempenho e a continuidade das operações do Celery em ambientes de produção,1,Foi adotada uma abordagem experimental que envolveu a injeção de falhas em um ambiente controlado,1,"Os resultados mostraram que, apesar das falhas, o Celery manteve uma taxa de sucesso de 100% nas tarefas",1,A pesquisa contribui para a compreensão da robustez do Celery em cenários adversos,3.65,6958,208,7166,1
36892-1418-29988-1-10-20250909.txt,multi_agent,0.3086,0.1401,0.1951,0.7218,0.7562,0.7386,5,3,2,1,a crescente complexidade e a necessidade de qualidade em sistemas baseados em APIs REST,1,"O Zettalenium, que se propõe a atender a essas demandas",1,A metodologia utilizada no estudo é baseada na implementação do framework Zettalenium,1,"foram criados 41 casos de teste, totalizando 78 métodos, que garantiram a validação de múltiplos cenários de integração",1,as contribuições empíricas do estudo ressaltam a superação das limitações de ferramentas tradicionais,16.85,67260,5688,72948,16
36892-1418-29988-1-10-20250909.txt,reflection_agent,0.5266,0.2085,0.2353,0.7595,0.7667,0.7631,5,3,2,1,"A crescente complexidade das APIs REST e a necessidade de assegurar a qualidade em sistemas distribuídos, como o Sistema Nacional de Informações sobre Irrigação (SisNIR), impulsionaram a busca por soluções eficazes para a automação de testes.",1,"Este trabalho tem como objetivo apresentar o Zettalenium, um framework que integra o envio de requisições, a validação de respostas e a geração automatizada de relatórios, visando aprimorar a eficiência e a padronização dos testes.",1,"O método adotado consistiu na implementação do Zettalenium no SisNIR, onde foram desenvolvidos 41 casos de teste, totalizando 78 métodos, que validaram operações CRUD e cenários de erro.",1,"Os resultados indicaram um tempo médio de execução dos testes de aproximadamente 300 ms, com a geração de logs detalhados e relatórios em formato HTML, facilitando a auditoria e a rastreabilidade.",1,"A contribuição deste estudo reside na demonstração da eficácia do Zettalenium como uma solução robusta para a automação de testes de APIs REST em projetos do setor público, evidenciando seu potencial para aplicação em outros contextos organizacionais que demandam requisitos semelhantes de conformidade e controle.",6.24,7771,494,8265,2
36892-1418-29988-1-10-20250909.txt,single_agent,0.5233,0.193,0.2616,0.7703,0.774,0.7721,5,3,3,1,A crescente complexidade dos sistemas baseados em APIs REST demanda soluções eficazes para garantir a qualidade e a confiabilidade desses serviços.,1,Este artigo tem como objetivo apresentar a automação de testes de APIs REST no Sistema Nacional de Informações sobre Irrigação (SisNIR) utilizando o framework Zettalenium.,1,"O método adotado envolve a implementação de testes funcionais automatizados que unificam o envio de requisições, a validação de respostas e a geração de relatórios, eliminando a necessidade de configurações manuais e promovendo a padronização.",1,"Os resultados demonstram que a utilização do Zettalenium não apenas reduziu o esforço de codificação e a repetição de testes, mas também garantiu a auditabilidade e a transparência do processo, com a geração de logs detalhados e relatórios em HTML.",1,"A contribuição deste trabalho reside na evidência de que o Zettalenium é uma solução robusta e confiável para a automação de testes em projetos do setor público, podendo ser aplicada em outros contextos que exigem rigorosos requisitos de conformidade e controle.",3.07,3764,228,3992,1
373-Artigo+.txt,multi_agent,0.4452,0.203,0.2327,0.6917,0.7467,0.7182,5,2,2,1,"a dificuldade enfrentada por organizações de desenvolvimento de software, especialmente as de médio e pequeno porte, na implementação de modelos de qualidade que melhorem seus processos",1,"a pesquisa busca responder à questão de qual ferramenta, entre EvoSuite e Randoop, apresenta melhor desempenho na geração de casos de teste automatizados",1,"O estudo utiliza uma abordagem experimental com metodologia quantitativa, envolvendo a aplicação das ferramentas EvoSuite e Randoop ao projeto Apache Commons Net",1,"Os resultados indicam que a EvoSuite gerou 1.223 scripts de teste, com 35.678 linhas de código e uma cobertura de linha de 94,2%",1,As contribuições do artigo ressaltam a importância de aprimorar as ferramentas de geração automática de casos de teste,18.44,119076,5288,124364,16
373-Artigo+.txt,reflection_agent,0.5622,0.212,0.2703,0.7467,0.7719,0.7591,5,2,2,1,"O desenvolvimento de software enfrenta desafios significativos na implementação de práticas de qualidade, especialmente em pequenas e médias empresas.",1,"Este estudo tem como objetivo comparar o desempenho das ferramentas de geração automática de casos de teste EvoSuite e Randoop, com foco na cobertura de código e na detecção de falhas.",1,"Utilizando uma abordagem experimental e quantitativa, foram gerados casos de teste para o projeto Apache Commons Net, os quais foram analisados com as ferramentas JaCoCo e PITest.",1,"Os resultados indicaram que o EvoSuite alcançou uma cobertura de código de 94,2%, enquanto o Randoop obteve 65,4%.",1,"Esta pesquisa contribui para a compreensão das limitações e potencialidades das ferramentas de teste automatizado, sugerindo a necessidade de aprimoramentos para aumentar a eficácia dos casos de teste gerados.",5.32,14135,434,14569,2
373-Artigo+.txt,single_agent,0.5272,0.1639,0.2717,0.7294,0.7578,0.7433,5,1,2,1,"O desenvolvimento de software enfrenta desafios significativos na implementação de práticas de qualidade, especialmente em pequenas e médias empresas.",1,"Este estudo tem como objetivo comparar o desempenho das ferramentas de geração automática de casos de teste, EvoSuite e Randoop, em termos de cobertura de código e detecção de falhas.",1,"Utilizando uma abordagem experimental e quantitativa, foram gerados casos de teste para o projeto Apache Commons Net e analisados com as ferramentas JaCoCo e PITest.",1,"Os resultados mostraram que o EvoSuite obteve uma cobertura de código de 94,2%, enquanto o Randoop alcançou 65,4%.",1,"A pesquisa conclui que ambas as ferramentas necessitam de aprimoramentos para gerar casos de teste mais robustos e eficazes, contribuindo assim para a melhoria da qualidade do software.",3.99,6961,226,7187,1
5932-1045-13355-1-10-20210721.txt,multi_agent,0.2701,0.0943,0.1526,0.6889,0.7474,0.717,5,3,3,1,a problemática da ausência de um padrão de critérios para a avaliação de ferramentas automáticas de testes de software,1,estabelecer critérios claros e aplicáveis para a avaliação dessas ferramentas,1,"A metodologia utilizada no estudo é descritiva e comparativa, estruturada em oito etapas",1,Os resultados indicam que as empresas priorizam ferramentas que oferecem alta performance e eficiência,1,A pesquisa contribui significativamente para a literatura ao estabelecer um conjunto de critérios claros e aplicáveis para a avaliação de ferramentas automáticas de testes,15.46,109428,4168,113596,16
5932-1045-13355-1-10-20210721.txt,reflection_agent,0.4632,0.1696,0.2596,0.7454,0.7691,0.757,5,2,3,1,o problema identificado é a ausência de um padrão de critérios para a seleção dessas ferramentas,1,o objetivo deste estudo é realizar uma análise descritiva e comparativa das ferramentas disponíveis,1,foi adotado um método que incluiu a elaboração e aplicação de um questionário a 13 empresas,1,os resultados indicaram que a ferramenta JUnit é a mais amplamente utilizada,1,a contribuição deste trabalho reside na proposta de um padrão de avaliação que pode auxiliar as empresas na escolha de ferramentas de automação de testes,5.62,13139,358,13497,2
5932-1045-13355-1-10-20210721.txt,single_agent,0.3974,0.1333,0.1987,0.7208,0.7557,0.7379,5,1,4,1,"a importância do processo de testes na identificação de falhas e defeitos, que, se não detectados precocemente, podem comprometer a manutenção do sistema.",1,"Este trabalho tem como objetivo avaliar, de forma descritiva e comparativa, ferramentas de automação de testes, visando contribuir para a melhoria do desenvolvimento e execução de testes de software.",1,"Foi realizado um estudo com 13 empresas, onde um questionário foi aplicado para identificar critérios de seleção de ferramentas.",1,"Os resultados indicaram que o JUnit é a ferramenta mais utilizada, com ênfase em técnicas de teste caixa-preta e estratégias de teste de unidade.",1,"A análise crítica dos dados coletados permitiu a criação de uma escala de avaliação, que pode servir como referência para futuras seleções de ferramentas, contribuindo assim para a eficiência e eficácia dos testes de software.",2.35,6482,212,6694,1
93-2024.2 -Michele Ramos Borowski.txt,multi_agent,0.382,0.1526,0.2081,0.7168,0.7299,0.7233,5,2,4,1,a ausência e a má qualidade desses testes podem impactar negativamente a experiência do usuário e a qualidade do produto final.,1,O artigo... aborda a importância dos testes de usabilidade na melhoria da satisfação do cliente.,1,A metodologia utilizada na pesquisa baseou-se em uma análise qualitativa de dois estudos de caso relevantes sobre testes de usabilidade.,1,Os resultados da pesquisa evidenciam que a automação de testes... pode otimizar o ciclo de desenvolvimento.,1,As contribuições empíricas incluem a identificação de práticas eficazes de testes de usabilidade.,20.75,151012,6392,157404,16
93-2024.2 -Michele Ramos Borowski.txt,reflection_agent,0.5954,0.2813,0.3461,0.7754,0.7871,0.7812,5,2,4,1,A crescente complexidade no desenvolvimento de software e as elevadas expectativas dos usuários tornam a satisfação do cliente um desafio crítico.,1,Este estudo tem como objetivo avaliar a eficácia dos testes de usabilidade na melhoria da satisfação do cliente em projetos de software.,1,"A pesquisa adota uma abordagem qualitativa, analisando dois estudos de caso que comparam testes manuais e automatizados.",1,"Os resultados indicam que a automação, quando implementada de forma adequada, não apenas reduz o tempo de execução dos testes, mas também melhora a consistência e a qualidade do software.",1,"Este trabalho contribui para a compreensão da importância dos testes de usabilidade, sugerindo que sua aplicação eficaz pode otimizar a qualidade do software e reduzir custos.",7.45,17836,444,18280,2
93-2024.2 -Michele Ramos Borowski.txt,single_agent,0.6075,0.3243,0.3763,0.7953,0.8046,0.7999,5,2,3,1,"O desenvolvimento de software enfrenta desafios significativos que podem impactar a satisfação do cliente, como problemas de qualidade e desempenho.",1,Este estudo tem como objetivo avaliar a eficácia dos testes de usabilidade na melhoria da satisfação do cliente em projetos de software.,1,"A pesquisa utiliza uma abordagem qualitativa, analisando dois estudos de caso que comparam testes manuais e automatizados.",1,"Os resultados indicam que a automação, quando bem implementada, não apenas reduz o tempo de execução dos testes, mas também melhora a consistência e a qualidade do software.",1,A contribuição deste trabalho reside na evidência de que a aplicação eficaz de testes de usabilidade é crucial para o sucesso de produtos digitais.,2.78,8810,203,9013,1
Alisson Schmitz de Medeiros.txt,multi_agent,0.2878,0.0963,0.1697,0.6969,0.7341,0.715,5,2,5,1,a pesquisa identifica a lacuna científica referente à falta de ferramentas acessíveis e eficientes que suportem a automação de testes especificamente para aplicações móveis,1,com o objetivo de desenvolver uma ferramenta que permita a criação de testes automatizados,1,A metodologia utilizada caracteriza-se como aplicada e de base tecnológica,1,"os resultados demonstram a eficácia da ferramenta desenvolvida, que permite a criação de testes automatizados",1,"a ferramenta não apenas reduz o esforço em testes repetitivos, mas também pode levar a um aumento na satisfação do cliente e na eficiência do desenvolvimento",14.09,71508,4468,75976,16
Alisson Schmitz de Medeiros.txt,reflection_agent,0.4133,0.1342,0.2,0.7303,0.7488,0.7394,5,3,3,1,"a crescente demanda por software de alta qualidade no mercado atual ressalta a importância da automação de testes, especialmente em dispositivos móveis, onde a complexidade e a diversidade de plataformas apresentam desafios significativos.",1,"Este trabalho tem como objetivo desenvolver uma ferramenta desktop que suporte a automação de testes para aplicações Android, visando minimizar falhas e otimizar o processo de validação de software.",1,"A metodologia adotada envolve a criação de casos de teste que interagem com elementos de aplicativos, utilizando o framework Appium para a execução e comparação dos resultados.",1,Os resultados obtidos demonstram que a ferramenta é eficaz na redução do esforço associado a testes repetitivos e na apresentação clara dos resultados.,1,"A pesquisa sugere que, embora a automação de testes ainda não seja amplamente adotada, ela pode agregar valor significativo ao desenvolvimento de software, incentivando investigações futuras na área.",4.22,8336,362,8698,2
Alisson Schmitz de Medeiros.txt,single_agent,0.4218,0.137,0.1973,0.7401,0.7536,0.7468,5,3,3,1,a crescente demanda por software de qualidade no mercado atual destaca a importância da automação de testes,1,Este trabalho tem como objetivo desenvolver uma ferramenta desktop que suporte a automação de testes para aplicações Android,1,"A metodologia adotada inclui a criação de casos de teste que interagem com elementos do aplicativo, utilizando o framework Appium",1,Os resultados demonstram que a ferramenta é eficaz na redução do esforço em testes repetitivos e na apresentação clara dos resultados,1,"A pesquisa sugere que a automação de testes, embora ainda não amplamente adotada, pode agregar valor significativo ao desenvolvimento de software",2.19,4080,177,4257,1
AutoTest-Um_Framework_Reutilizavel_para_a_Automaca.txt,multi_agent,0.2843,0.1324,0.1726,0.6775,0.7438,0.7091,5,2,4,1,"a complexidade e a falta de sistematicidade na automação de testes de software, que frequentemente resultam em insucessos e na subutilização das ferramentas disponíveis.",1,"A lacuna científica identificada é a necessidade de um framework que não apenas integre as técnicas de automação de teste, como a data-driven e a keyword-driven, mas que também ofereça uma abordagem reutilizável e extensível.",1,A metodologia utilizada no artigo é baseada na definição e implementação de um framework de automação de testes que integra as técnicas de automação data-driven e keyword-driven.,1,"Os resultados obtidos na aplicação do framework AutoTest mostraram ganhos substanciais em produtividade e qualidade, evidenciados por métricas que compararam a execução manual e automatizada dos testes.",1,"Assim, o AutoTest se apresenta como uma solução robusta e reutilizável, capaz de superar as limitações das ferramentas comerciais existentes e contribuir para a melhoria contínua da qualidade do software.",14.71,181712,4832,186544,16
AutoTest-Um_Framework_Reutilizavel_para_a_Automaca.txt,reflection_agent,0.4525,0.2376,0.2623,0.7348,0.7785,0.756,5,2,4,1,"mas sua automação ainda é subutilizada na indústria, resultando em ineficiências e insucessos.",1,"O objetivo do AutoTest é facilitar a execução de testes com mínima necessidade de codificação,",1,"O método abrange a criação de scripts, templates e regras de utilização,",1,"Os resultados obtidos demonstraram um aumento significativo na cobertura de testes e na eficiência do processo,",1,"A contribuição do AutoTest reside na sua capacidade de melhorar a produtividade e a qualidade do software,",5.7,22124,411,22535,2
AutoTest-Um_Framework_Reutilizavel_para_a_Automaca.txt,single_agent,0.4543,0.2159,0.2524,0.7314,0.7893,0.7592,5,2,3,1,mas sua automação ainda é subutilizada na indústria devido a desafios como complexidade e falta de estratégias claras.,1,"O objetivo é facilitar a execução de testes com mínima codificação, permitindo a automação de casos de teste que podem ser facilmente geridos e atualizados.",1,"A metodologia inclui a aplicação do framework em um estudo de caso real, onde foi utilizado para automatizar testes de um sistema de faturamento complexo.",1,Os resultados demonstraram uma significativa redução no tempo de execução dos testes e um aumento na detecção de erros.,1,"A contribuição deste trabalho reside na apresentação de um framework que não apenas otimiza a automação de testes, mas também oferece uma abordagem sistemática para sua implementação.",2.87,10964,219,11183,1
Automação de Testes_ Um Estudo de Caso.txt,multi_agent,0.2648,0.0992,0.1779,0.6711,0.7236,0.6964,5,2,4,1,"a dificuldade enfrentada pelo Tribunal de Contas do Estado de Mato Grosso (TCE-MT) na adoção da automação de testes em seus sistemas, destacando a resistência cultural dos desenvolvedores em transitar de testes manuais para automatizados.",1,O artigo sugere que o aprendizado rápido sobre as ferramentas pode ser facilitado pela disponibilidade de materiais na web e propõe a realização de cursos para mitigar a resistência à mudança.,1,"A metodologia utilizada é caracterizada por um estudo de caso, focando na análise da implementação da automação de testes no TCE-MT.",1,"Os resultados revelam a identificação de dificuldades na escolha de ferramentas adequadas, superadas por meio do estudo comparativo, que destacou os benefícios da automação.",1,o artigo contribui para o corpo de conhecimento sobre a transição de uma cultura de testes manuais para automatizados em organizações públicas.,14.09,49176,4924,54100,16
Automação de Testes_ Um Estudo de Caso.txt,reflection_agent,0.3801,0.1129,0.2305,0.69,0.7366,0.7125,5,1,4,1,os desafios enfrentados por organizações na seleção de ferramentas apropriadas para a automação de testes,1,O objetivo do estudo é apresentar um caso prático de automação de testes no Sistema JusConex-e,1,"Foi conduzido um estudo comparativo entre diversas ferramentas, seguido por um processo de implementação e avaliação dos resultados obtidos",1,"Os achados indicam que, apesar dos benefícios associados à automação, houve resistência cultural por parte dos desenvolvedores em adotar essa prática",1,"A contribuição deste trabalho reside na ampliação do conhecimento sobre automação de testes, fornecendo insights práticos para desenvolvedores e analistas",6.96,5396,448,5844,2
Automação de Testes_ Um Estudo de Caso.txt,single_agent,0.3416,0.1188,0.2112,0.7068,0.7375,0.7218,5,1,4,1,as dificuldades enfrentadas na escolha de ferramentas adequadas e na mudança de cultura organizacional.,1,analisar a implementação da automação de testes no Tribunal de Contas do Estado de Mato Grosso (TCE-MT),1,"Utilizou-se uma abordagem qualitativa, com a realização de um estudo de caso",1,"os resultados indicam que, apesar dos benefícios da automação, como a eficiência e a redução de erros",1,"Este trabalho contribui para o corpo de conhecimento sobre automação de testes, oferecendo insights práticos para desenvolvedores e analistas",2.88,2596,236,2832,1
CA234CS19.txt,multi_agent,0.214,0.0723,0.1302,0.7122,0.7435,0.7276,5,3,4,1,a dificuldade enfrentada por empresas de desenvolvimento de software em priorizar e investir na automação de testes,1,O artigo propõe-se a preencher essa lacuna ao compartilhar experiências práticas e resultados de um estudo de caso,1,A metodologia utilizada é baseada em um estudo de caso que analisa a aplicação de testes automatizados em um sistema da área da saúde pública,1,"Os resultados demonstram que a automação de testes, quando aplicada em um ambiente de integração contínua, pode significativamente melhorar a qualidade do software",1,As contribuições empíricas do estudo incluem a evidência de que a automação de testes pode ser implementada de forma eficaz em ambientes ágeis,16.27,87420,6300,93720,16
CA234CS19.txt,reflection_agent,0.4144,0.139,0.2282,0.7172,0.7288,0.723,5,1,4,1,"A automação de testes de software é uma prática fundamental para assegurar a qualidade em sistemas complexos, especialmente na área da saúde pública, onde a conformidade com regulamentos é de extrema importância.",1,"Este trabalho tem como objetivo analisar os aspectos sociais, humanos e econômicos da implementação de testes automatizados em um ambiente de integração contínua, utilizando ferramentas como Selenium e SpecFlow.",1,"A metodologia adotada incluiu um estudo de caso em um sistema de saúde, no qual foram comparados testes manuais e automatizados em termos de eficiência e eficácia.",1,"Os resultados evidenciaram que os testes automatizados não apenas reduziram significativamente o tempo de execução, mas também melhoraram a cobertura de testes e a detecção de defeitos, sem implicar em aumento de custos.",1,"A contribuição deste estudo reside na demonstração de que a automação de testes pode ser uma solução viável para aprimorar a qualidade do software, promovendo uma colaboração mais eficaz entre desenvolvedores e testadores, além de minimizar atritos interpessoais.",5.63,10159,400,10559,2
CA234CS19.txt,single_agent,0.4071,0.1602,0.236,0.7179,0.7163,0.7171,5,3,3,1,a complexidade dos sistemas exige alta qualidade.,1,O objetivo é compartilhar experiências e resultados da aplicação de testes automatizados,1,O método utilizado inclui a implementação de testes automatizados com ferramentas como Selenium e SpecFlow,1,Os resultados demonstram que os testes automatizados são mais rápidos e eficientes,1,A contribuição deste trabalho reside na evidência de que a automação de testes não apenas melhora a qualidade do produto final,2.27,4982,199,5181,1
Joslaine2.txt,multi_agent,0.3132,0.1271,0.1648,0.6871,0.7831,0.732,5,2,3,1,a dificuldade enfrentada por micro e pequenas empresas no Brasil em realizar testes de software de forma eficaz e econômica.,1,"O objetivo é avaliar e comparar ferramentas de teste automatizado, especificamente JUnit, JaBUTi e JEasyTest.",1,"Para a coleta de dados, será utilizado um checklist padronizado que permitirá a execução sistemática dos testes e a análise estatística dos resultados.",1,espera-se que a avaliação das ferramentas escolhidas revele qual delas apresenta o melhor desempenho.,1,A pesquisa visa oferecer soluções que possibilitem a essas empresas realizar testes de forma satisfatória e lucrativa.,13.68,64232,4356,68588,16
Joslaine2.txt,reflection_agent,0.3667,0.1261,0.2333,0.7052,0.7621,0.7325,5,2,2,1,"a problemática da qualidade no desenvolvimento de software, enfatizando a complexidade e os desafios enfrentados, especialmente por micro e pequenas empresas que carecem de recursos adequados para a realização de testes eficazes.",1,"O objetivo da pesquisa é avaliar ferramentas de teste automatizado, com o intuito de identificar aquelas que apresentam melhor desempenho e eficácia no processo de teste.",1,"A metodologia adotada consiste em uma abordagem empírica e quantitativa, envolvendo a seleção de ferramentas como JUnit, JaBUTi e JEasyTest, além da aplicação de um checklist para padronizar os testes realizados.",1,"Os resultados esperados incluem a identificação das ferramentas mais eficazes, contribuindo para a redução de custos e a melhoria da qualidade no desenvolvimento de software.",1,"A pesquisa visa fornecer insights valiosos para pequenas empresas, possibilitando a implementação de testes automatizados de forma mais eficiente e lucrativa.",4.84,7310,345,7655,2
Joslaine2.txt,single_agent,0.3884,0.1,0.2149,0.7055,0.78,0.7409,5,1,4,1,a necessidade de garantir sua qualidade tornam o teste de software uma fase crítica no desenvolvimento.,1,"Este artigo tem como objetivo analisar ferramentas de teste automatizado, visando identificar aquelas que melhor atendem às necessidades de micro e pequenas empresas.",1,"A pesquisa adota uma abordagem empírica e quantitativa, utilizando um checklist para avaliar e comparar as ferramentas JUnit, JaBUTi e JEasyTest.",1,"Os resultados preliminares indicam que, apesar da variedade de ferramentas disponíveis, muitas não satisfazem completamente as demandas do mercado.",1,"A contribuição deste estudo reside na identificação das ferramentas mais eficazes, oferecendo um guia prático para que pequenas empresas possam implementar testes automatizados de forma eficiente e econômica.",2.06,3571,177,3748,1
THIAGO SANTOS DE MOURA - TCC CIÊNCIA DA COMPUTAÇÃO 2021.txt,multi_agent,0.343,0.1352,0.1746,0.6981,0.7229,0.7103,5,2,4,1,"aborda a problemática da automação de testes em aplicações web, destacando as dificuldades e os altos custos associados a essa prática",1,"A proposta central do trabalho é o desenvolvimento da ferramenta Cytestion, que gera testes ad-hoc de forma automática",1,"A metodologia proposta envolve a criação da ferramenta Cytestion, que automatiza a geração de testes ad-hoc para aplicações web",1,Os resultados obtidos demonstram a eficácia da Cytestion na automação de testes e na detecção de falhas,1,"A proposta contribui significativamente para a melhoria da qualidade do software, facilitando a validação de fluxos de utilização",16.24,173476,5388,178864,16
THIAGO SANTOS DE MOURA - TCC CIÊNCIA DA COMPUTAÇÃO 2021.txt,reflection_agent,0.4744,0.1463,0.2426,0.7419,0.7489,0.7454,5,2,3,1,"O desenvolvimento de aplicações web frequentemente enfrenta desafios relacionados à qualidade do software, especialmente no que diz respeito à validação e verificação de funcionalidades.",1,"Este trabalho tem como objetivo aprimorar a qualidade de aplicações web que não possuem testes automatizados, propondo uma metodologia para a geração de testes ad-hoc automatizados.",1,"O método proposto envolve a análise do código HTML da aplicação, a identificação de elementos interativos e a geração de testes que simulam a navegação do usuário.",1,"Os resultados demonstraram que a ferramenta alcançou 100% de cobertura das interfaces da aplicação testada, permitindo a detecção de falhas e a realização de testes de regressão de maneira eficiente.",1,"A contribuição deste trabalho reside na automação do processo de testes, reduzindo custos e tempo de desenvolvimento, além de garantir a usabilidade e a qualidade das aplicações web.",13.51,20911,411,21322,2
THIAGO SANTOS DE MOURA - TCC CIÊNCIA DA COMPUTAÇÃO 2021.txt,single_agent,0.484,0.1551,0.2287,0.7316,0.7438,0.7377,5,3,2,1,"O desenvolvimento de aplicações web frequentemente enfrenta desafios relacionados à qualidade do software, especialmente na validação e verificação de funcionalidades.",1,"Este trabalho tem como objetivo melhorar a qualidade de aplicações web que não possuem testes automatizados, propondo uma metodologia de geração de testes ad-hoc automatizados.",1,"Para isso, foi desenvolvido o Cytestion, uma ferramenta de linha de comando que utiliza o framework Cypress para criar testes end-to-end (E2E) de forma automática.",1,"Os resultados demonstraram que a ferramenta alcançou 100% de cobertura das interfaces da aplicação testada, além de ser eficaz na detecção de falhas introduzidas intencionalmente no código.",1,"A contribuição deste trabalho reside na automação do processo de testes, reduzindo o custo e o tempo de desenvolvimento, e proporcionando maior segurança nas modificações do código.",2.86,10355,213,10568,1
Tecnicas_para_Construcao_de_Testes_Funci.txt,multi_agent,0.2031,0.0902,0.1328,0.6685,0.7335,0.6995,5,2,4,1,"a necessidade de garantir que o software atenda às especificações e expectativas dos usuários, especialmente em contextos de desenvolvimento ágil.",1,O artigo também menciona a utilização de ferramentas específicas para a automação de testes...,1,"A metodologia do artigo é descritiva e analítica, estruturada em seções que discutem conceitos fundamentais sobre testes manuais e automáticos...",1,Os resultados incluem a identificação de lacunas na compreensão de como construir testes automáticos eficazes...,1,o artigo contribui significativamente para a discussão sobre a automação de testes funcionais...,16.65,143420,5600,149020,16
Tecnicas_para_Construcao_de_Testes_Funci.txt,reflection_agent,0.3778,0.1269,0.2074,0.7038,0.7626,0.732,5,3,3,1,"A crescente complexidade dos sistemas informáticos, aliada à demanda por entregas rápidas, torna os testes de software uma atividade crítica para assegurar a qualidade.",1,Este artigo tem como objetivo apresentar técnicas para a construção de testes funcionais automáticos.,1,Através de uma revisão da literatura e da análise de ferramentas disponíveis.,1,"Os resultados demonstram que a automação, quando implementada de forma adequada, pode reduzir significativamente os custos e o tempo de execução dos testes.",1,A contribuição deste trabalho reside na sistematização de práticas e técnicas que podem ser aplicadas por organizações que buscam aprimorar seus processos de teste.,5.86,17086,408,17494,2
Tecnicas_para_Construcao_de_Testes_Funci.txt,single_agent,0.4049,0.1714,0.2429,0.7152,0.7637,0.7387,5,3,2,1,A crescente complexidade dos sistemas informáticos e a demanda por métodos de desenvolvimento ágeis exigem a implementação de testes de qualidade que sejam rápidos e eficazes.,1,"Este artigo tem como objetivo apresentar técnicas para a construção de testes funcionais automáticos, visando auxiliar organizações na melhoria de seus processos de teste.",1,"Para isso, foi realizada uma análise abrangente das práticas atuais, abordando conceitos fundamentais sobre testes manuais e automáticos, características de ferramentas de automação, e diferentes técnicas de automatização.",1,"Os resultados indicam que a adoção de abordagens como data-driven e keyword-driven pode aumentar a reutilização e a flexibilidade dos testes, além de reduzir custos a longo prazo.",1,"A contribuição deste trabalho reside na sistematização de informações e na apresentação de um guia prático para a implementação de testes automáticos, promovendo a qualidade do software e a eficiência no processo de desenvolvimento.",2.76,8444,181,8625,1
Utilizacao_de_Padroes_para_Otimizar_a_Au.txt,multi_agent,0.2763,0.176,0.1899,0.6784,0.7438,0.7096,5,3,3,1,aborda a problemática da reutilização e manutenção de scripts gerados por ferramentas de automação de testes funcionais,1,A lacuna científica identificada é a necessidade de um framework que não apenas utilize técnicas tradicionais de automação,1,A metodologia utilizada no estudo é baseada no desenvolvimento de um framework denominado FuncTest,1,Os principais resultados incluem a melhoria significativa na produtividade de novos projetos de automação de testes funcionais,1,As contribuições empíricas do estudo destacam o desacoplamento entre passos de casos de teste e scripts executáveis,16.96,108244,5360,113604,16
Utilizacao_de_Padroes_para_Otimizar_a_Au.txt,reflection_agent,0.4695,0.2393,0.3293,0.7298,0.7783,0.7533,5,2,3,1,a eficácia dos testes automatizados é frequentemente comprometida pela falta de reutilização e manutenção dos scripts gerados.,1,"Este artigo apresenta o framework FuncTest, que incorpora padrões de design, como MVC, DAO e Factory Method, para otimizar a automação de testes.",1,"O método proposto envolve a criação de scripts de teste que separam a lógica de execução da manipulação de dados, proporcionando maior flexibilidade e modularidade.",1,os resultados demonstram que a aplicação do FuncTest em um ambiente de desenvolvimento aderente ao nível 2 do CMM resultou em um aumento significativo na produtividade e na manutenibilidade dos testes.,1,"A contribuição deste trabalho reside na implementação de um framework que aprimora a legibilidade e a reutilização dos scripts de teste, além de facilitar a inclusão de novos casos de teste e o tratamento de erros.",5.4,12940,444,13384,2
Utilizacao_de_Padroes_para_Otimizar_a_Au.txt,single_agent,0.4756,0.2295,0.3322,0.7296,0.7763,0.7522,5,2,4,1,A automação de testes funcionais de software enfrenta desafios relacionados à manutenção e reutilização de scripts gerados por ferramentas de gravação e reprodução.,1,"O objetivo é melhorar a produtividade e a qualidade dos testes, minimizando custos e aumentando a eficiência.",1,"O método envolve a implementação de técnicas Data-driven e Keyword-driven, permitindo a separação de dados e scripts, além de modularizar a execução dos testes.",1,"Os resultados demonstram que o FuncTest, aplicado em um ambiente de desenvolvimento aderente ao CMM nível 2, resultou em maior reusabilidade e manutenibilidade dos scripts, além de facilitar a inclusão de novos casos de teste.",1,"A contribuição deste trabalho reside na apresentação de um framework que não apenas melhora a automação de testes, mas também serve como base para futuras adaptações, como a implementação de testes baseados em modelos.",3.54,6361,204,6565,1
WICSI_2016_Artigo_Augusto_12_04.txt,multi_agent,0.2588,0.1157,0.1603,0.6893,0.7355,0.7116,5,2,3,1,"a problemática da automação de testes em softwares legados desenvolvidos na plataforma Flex, que apresentam limitações técnicas que dificultam a utilização de ferramentas de automação convencionais.",1,"A pesquisa visa entender se é possível implementar uma automação de testes que reduza o esforço, o tempo e o retrabalho associados a esses testes.",1,"A metodologia utilizada caracteriza-se como um estudo de caso, focando na análise de um fenômeno em seu contexto específico.",1,"Os resultados obtidos demonstraram a viabilidade da automação de testes em softwares legados na plataforma Flex, utilizando a ferramenta Sikuli.",1,As contribuições empíricas do estudo incluem a identificação de requisitos específicos para a escolha de ferramentas de automação em ambientes legados.,16.97,75676,5476,81152,16
WICSI_2016_Artigo_Augusto_12_04.txt,reflection_agent,0.4779,0.1899,0.236,0.7297,0.7617,0.7454,5,1,5,1,"A automação de testes em sistemas legados, especialmente na plataforma Flex, enfrenta desafios significativos devido às limitações técnicas e à complexidade dos softwares existentes.",1,"Este estudo tem como objetivo investigar a viabilidade da automação de testes em um sistema legado denominado DataFaz Unity, utilizando a ferramenta Sikuli.",1,"A metodologia adotada consistiu em um estudo de caso, no qual foram elaborados e executados casos de teste tanto manuais quanto automatizados, com coleta de dados sobre o tempo e o esforço envolvidos em cada abordagem.",1,"Os resultados indicaram que, embora a automação inicial exija um maior investimento de tempo na elaboração dos scripts, a execução dos testes automatizados foi significativamente mais rápida em comparação aos testes manuais.",1,"A pesquisa contribui para a literatura ao fornecer insights sobre a seleção de ferramentas de automação adequadas e os benefícios potenciais da automação, incluindo a redução de retrabalho e o aumento da confiabilidade do software.",6.96,8829,430,9259,2
WICSI_2016_Artigo_Augusto_12_04.txt,single_agent,0.5217,0.2375,0.2422,0.7431,0.7602,0.7516,5,1,4,1,"A automação de testes em sistemas legados, especialmente na plataforma Flex, apresenta desafios significativos devido às limitações técnicas e à complexidade dos softwares existentes.",1,"Este estudo tem como objetivo investigar a viabilidade da automação de testes em um sistema legado, o DataFaz Unity, utilizando a ferramenta Sikuli.",1,"A metodologia adotada incluiu um estudo de caso, onde foram elaborados e executados casos de teste manuais e automatizados, permitindo a comparação de esforços e tempos de execução.",1,"Os resultados indicaram que, embora o tempo de elaboração dos scripts automatizados tenha sido maior, a execução dos testes automatizados foi significativamente mais rápida.",1,"A pesquisa contribui para a área de engenharia de software ao fornecer insights sobre a automação de testes em sistemas legados, destacando a importância de ferramentas adequadas e a necessidade de um planejamento cuidadoso para maximizar os benefícios da automação.",3.07,4314,208,4522,1
artigo2.txt,multi_agent,0.3452,0.1633,0.2222,0.712,0.7561,0.7334,4,3,3,1,"discutem os desafios enfrentados na automação de testes, como a manutenção dos scripts, a cobertura dos testes e os custos associados",0,,1,"A metodologia utilizada é qualitativa, baseada na revisão de literatura e na experiência prática dos autores",1,os resultados indicam que a manutenção contínua dos scripts é essencial à medida que o software evolui,1,o estudo contribui para a discussão sobre a evolução das práticas de garantia de qualidade no software,12.11,43704,4020,47724,16
artigo2.txt,reflection_agent,0.5035,0.1972,0.2797,0.7505,0.7707,0.7604,5,2,4,1,"desafios enfrentados, como a manutenção de scripts e a cobertura de testes.",1,"O objetivo é apresentar métodos que aprimorem a eficiência dos testes automatizados,",1,A pesquisa foi conduzida por meio de uma revisão da literatura e análise de práticas atuais no setor.,1,"os resultados indicam que, embora a automação exija um investimento inicial significativo, os benefícios a longo prazo, como a redução de erros e a melhoria na qualidade do software, justificam essa escolha.",1,"A contribuição deste trabalho reside na identificação de estratégias que integram inteligência artificial e machine learning,",4.52,4925,330,5255,2
artigo2.txt,single_agent,0.5151,0.202,0.3077,0.7633,0.7776,0.7704,5,2,3,1,a problemática da qualidade do software e a eficiência dos testes automatizados,1,O objetivo principal é apresentar estratégias que melhorem a automação dos testes,1,"foram analisados métodos como a manutenção de scripts, a diversidade de tipos de testes e a utilização de ferramentas de automação",1,"os resultados indicam que, embora a automação exija um investimento inicial, os benefícios a longo prazo, como a redução de erros e a melhoria na eficiência, justificam essa escolha",1,A contribuição deste estudo reside na identificação de práticas que integram inteligência artificial e machine learning,2.35,2382,177,2559,1
submissao-1771-arquivo-7429.txt,multi_agent,0.3994,0.0994,0.195,0.6989,0.718,0.7083,5,2,5,1,a dificuldade enfrentada por desenvolvedores de software na seleção de ferramentas de automação de testes adequadas,1,O objetivo é desenvolver uma compreensão aprofundada das ferramentas de automação de testes,1,A coleta de dados foi realizada por meio da execução de testes automatizados em um cenário padronizado para cada ferramenta,1,"Os resultados indicam que a automação de testes pode aumentar a eficácia, eficiência e abrangência do processo de teste",1,As contribuições empíricas do estudo incluem a identificação de forças e limitações de cada ferramenta,13.8,81280,4544,85824,16
submissao-1771-arquivo-7429.txt,reflection_agent,0.4543,0.168,0.235,0.7424,0.726,0.7341,5,2,3,1,"A automação de testes de software representa um desafio crescente no contexto do desenvolvimento ágil, onde a eficiência e a confiabilidade são fundamentais.",1,"Este artigo tem como objetivo realizar uma comparação detalhada entre três ferramentas de automação de testes: Katalon, Selenium e UFT, com o intuito de identificar suas vantagens e limitações.",1,"A pesquisa adota uma abordagem qualitativa, utilizando uma análise descritiva para avaliar o desempenho das ferramentas em cenários de teste padronizados.",1,"Os resultados demonstram que, embora cada ferramenta apresente características distintas, a escolha da mais adequada depende de fatores como facilidade de uso, suporte a diferentes tipos de testes e custo.",1,"A contribuição deste estudo reside na sistematização da comparação entre as ferramentas, fornecendo insights valiosos para desenvolvedores e testadores na seleção da ferramenta mais apropriada para suas necessidades específicas.",6.05,9555,354,9909,2
submissao-1771-arquivo-7429.txt,single_agent,0.4056,0.1564,0.2056,0.7463,0.7255,0.7357,5,2,3,1,"A automação de testes de software é um desafio crescente no desenvolvimento ágil, onde a eficiência e a rapidez são cruciais.",1,"Este artigo tem como objetivo comparar três ferramentas de automação de testes: Katalon, Selenium e UFT, a fim de identificar suas vantagens e limitações.",1,"A pesquisa adota uma abordagem qualitativa, utilizando análise descritiva para coletar dados por meio da execução de testes automatizados em cenários idênticos.",1,"Os resultados indicam que, embora cada ferramenta tenha suas particularidades, a escolha da ferramenta ideal depende de fatores como facilidade de uso, suporte, flexibilidade e custo.",1,"A contribuição deste estudo reside na sistematização da comparação entre as ferramentas, oferecendo insights valiosos para desenvolvedores e testadores na seleção da ferramenta mais adequada para suas necessidades específicas de teste.",3.32,4696,168,4864,1
